date,url,source_name,title,opening_text,hit_sentence,processed_text,sentiment,reach
2026-01-17,https://www.businessworld.in/article/icici-prudential-mutual-fund-launches-two-offerings-under-the-isif-segment-587707,bw businessworld,ICICI Prudential Mutual Fund Launches Two Offerings Under The iSIF Segment,iSIF Equity Ex-Top 100 Long-Short Fund and iSIF Hybrid Long-Short Fund,"... limit). Speaking at the launch, Sankaran Naren, ED & CIO, ICICI Prudential AMC, said: “Through the iSIF segment, we are offering ...",icici prudential mutual fund launches two offerings under the isif segment isif equity extop 100 longshort fund and isif hybrid longshort fund,Neutral,1016871.0
2026-03-09,https://economictimes.indiatimes.com/wealth/invest/best-fund-managers-2025-top-wealth-creators-who-mastered-the-balance-between-risk-and-returns/articleshow/129193733.cms,the economic times,Best Fund Managers 2025: Top wealth creators who mastered the balance between risk and returns,Indian equity fund managers navigated a challenging market by prioritising risk management and resilience. Many adopted conservative ...,"... at Nippon India Asset Management Company (AMC) and ICICI Prudential AMC earlier, Gunwani has now put his stamp on equity ...",best fund managers 2025 top wealth creators who mastered the balance between risk and returns indian equity fund managers navigated a challenging market by prioritising risk management and resilience many adopted conservative,Positive,
2026-03-12,https://www.cnbctv18.com/personal-finance/icici-prudential-equity-debt-fund-1000-sip-into-4-crore-26-years-calculator-ws-el-19866594.htm,cnbc-tv18,"A hybrid mutual fund has turned ₹1,000 monthly SIP into over ₹4 crore in 26 years","A ₹1,000 monthly SIP in ICICI Prudential Equity & Debt Fund since Nov 1999 would grow to ₹4 crore by Feb 28, 2026. A ₹1 lakh lump sum would ...","... returns across market cycles. Sankaran Naren, ED & CIO, ICICI Prudential AMC, said, “Hybrid funds play an important role in helping ...",a hybrid mutual fund has turned ₹1000 monthly sip into over ₹4 crore in 26 years a ₹1000 monthly sip in icici prudential equity debt fund since nov 1999 would grow to ₹4 crore by feb 28 2026 a ₹1 lakh lump sum would,Positive,16655916.0
2025-10-20,https://economictimes.indiatimes.com/mf/analysis/how-to-invest-for-a-balanced-portfolio-this-diwali-7-experts-offer-help/slideshow/124704252.cms,the economic times,How to invest for a balanced portfolio this Diwali? 7 experts offer help,... 1 / 8 Financial investment this Diwali Are you planning to invest and have a balanced portfolio this Diwali? 7 experts offer help and ...,"... keep it efficient. 4 / 8 Sankaran Naren, ED and CIO, ICICI Prudential Mutual Fund Asset allocation is of prime importance. So, the ...",how to invest for a balanced portfolio this diwali 7 experts offer help 1 8 financial investment this diwali are you planning to invest and have a balanced portfolio this diwali 7 experts offer help and,Neutral,23778251.0
2025-07-01,https://economictimes.indiatimes.com/mf/mf-news/nfo-update-icici-prudential-mutual-fund-launches-nifty-private-bank-index-fund/articleshow/122176326.cms,the economic times,NFO Update: ICICI Prudential Mutual Fund launches Nifty Private Bank Index Fund,"ICICI Prudential launches a Nifty Private Bank Index Fund, offering low-cost exposure to top private banks driving India’s growth. The ...","... , and long-term potential in banking. ICICI Prudential Mutual Fund made a complete exit from three stocks in May. It sold Dr Lal Pathlabs, ...",nfo update icici prudential mutual fund launches nifty private bank index fund icici prudential launches a nifty private bank index fund offering lowcost exposure to top private banks driving indias growth the,Positive,62646070.0
,https://play.google.com/store/apps/details?id=com.iPruAMC&hl=en_IN,nan,,"yours is the most hopeless mutual fund app ever in terms of registration...i being a way long investor in mutual funds,have been using apps of different AMCs for long... enjoyed comfortable and smooth usage.. until I got to know about your app...God bless you",,yours is the most hopeless mutual fund app ever in terms of registrationi being a way long investor in mutual fundshave been using apps of different amcs for long enjoyed comfortable and smooth usage until i got to know about your appgod bless you,Negative,
2026-01-05,https://www.moneycontrol.com/news/business/personal-finance/active-vs-passive-multi-asset-funds-what-s-the-difference-and-how-should-investors-choose-13755838.html,moneycontrol.com,Active vs passive multi-asset funds: What’s the difference and how should investors choose?,Active management is based on the belief that skilled managers can generate alpha through market insight and tactical adjustments. Passive ...,"... time. That’s why it is worth pausing when S Naren, CIO of ICICI Prudential AMC, chooses to invest his money in a passive multi-asset fund ...",active vs passive multiasset funds whats the difference and how should investors choose active management is based on the belief that skilled managers can generate alpha through market insight and tactical adjustments passive,Neutral,313329.0
2025-09-02,https://www.equitymaster.com/the-fundstrategist/detail.asp?date=09/02/2025&story=7&title=3-Mutual-Funds-That-are-Down-Less-Than-5-in-the-Market-Downturn,equitymaster.com,3 Mutual Funds That are Down Less Than 5% in the Market Downturn,"Image source: bee32/www.istockphoto.com Indian equity markets have experienced a decline over the last one year, with the midcap and ...",,3 mutual funds that are down less than 5 in the market downturn image source bee32wwwistockphotocom indian equity markets have experienced a decline over the last one year with the midcap and,Positive,3725013.0
2025-09-16,https://www.linkedin.com/feed/update/urn%3Ali%3Aactivity%3A7373752780970344448,linkedin,,"... 🌟 A proud moment for us at Ekvity! Our Co-founder & Investment Advisor, Kharanshu Parikh , will be moderating a power-packed panel ...",": 	•	 Anurag M. – Head, Fixed Income, UTI AMC 	•	 Manish R Karnavar – Head, Family Office & Head – Product Communication (Mutual Funds), ICICI Prudential AMC 	•	Deepak Agrawal – CIO – Debt & Head – Product, Kotak Mahindra MF 📅 Thursday, September 18, 2025 ⏰ 5 – 6 PM 📍 Zoom We’",a proud moment for us at ekvity our cofounder investment advisor kharanshu parikh will be moderating a powerpacked panel,Neutral,
2025-09-24,https://www.shiksha.com/mba/articles/best-mba-colleges-in-kalyan-courses-fees-admission-entrance-exams-placements-blogId-210922,shiksha.com,"Best MBA Colleges in Kalyan: Courses, Fees, Admission, Entrance Exams, Placements",Students can study an MBA at numerous MBA colleges in Kalyan. Most colleges admit students based on the scores of commonly accepted ...,,best mba colleges in kalyan courses fees admission entrance exams placements students can study an mba at numerous mba colleges in kalyan most colleges admit students based on the scores of commonly accepted,Neutral,18307950.0
2026-03-06,https://www.linkedin.com/feed/update/urn%3Ali%3Aactivity%3A7435637202161922049,linkedin,,"At the fourth edition of IDFC FIRST Bank Presents Outlook Money 40 After 40, Sankaran Naren , Executive Director & CIO, ICICI Prudential ...","At the fourth edition of IDFC FIRST Bank Presents Outlook Money 40 After 40, Sankaran Naren , Executive Director & CIO, ICICI Prudential AMC Ltd , shed light on some of the most overlooked risks in retirement planning today. With longer life expectancy and ever-increasing",at the fourth edition of idfc first bank presents outlook money 40 after 40 sankaran naren executive director cio icici prudential,Neutral,
2025-10-28,https://www.moneycontrol.com/news/business/markets/defence-theme-still-has-firepower-but-it-is-no-longer-a-blind-bet-say-experts-13638002.html,moneycontrol.com,"Defence theme still has firepower but it is no longer a blind bet, say experts","The defence rally isn’t done yet, but fund managers say this leg of the journey will reward patience, selectivity, and real earnings power ...","... narratives,” he said. Anish Tawakley, Co-CIO (Equity) at ICICI Prudential AMC, added a note of caution. “Defence has become a consensus ...",defence theme still has firepower but it is no longer a blind bet say experts the defence rally isnt done yet but fund managers say this leg of the journey will reward patience selectivity and real earnings power,Neutral,12772308.0
2026-02-07,https://www.etnownews.com/news/exclusive-if-ai-trade-cracks-can-indian-markets-outperform-icici-prudentials-s-naren-explains-article-153575256,et now,"EXCLUSIVE | If AI trade cracks, can Indian markets outperform? ICICI Prudential's S Naren explains","S Naren described India as positioned as the ""anti-AI trade"" in a world pouring massive capital into AI infrastructure, particularly in ...",,exclusive if ai trade cracks can indian markets outperform icici prudentials s naren explains s naren described india as positioned as the antiai trade in a world pouring massive capital into ai infrastructure particularly in,Neutral,11145929.0
2025-08-12,https://www.reddit.com/r/mutualfunds/comments/1mod0hr,reddit.com/r/mutualfunds,"Has RBI removed the limits in foreign funds? I believe ICICI Prudential NASDAQ fund is open for investment. Can anyone please check?
I can see there is no tracking error.","BI hasn't removed the restriction.

A few funds open up time to time as AUM drops due to fluctuations in the market.

ICICI Pru NASDAQ Fund was one of them. I believe the window for this fund has closed again.


9
rmadaan3
•
6mo ago
Yup. I put in one SIP and it paused automatically today.

3
Fabulous_Educator_18
•
6mo ago
It’s closed again.",,has rbi removed the limits in foreign funds i believe icici prudential nasdaq fund is open for investment can anyone please check i can see there is no tracking error bi hasnt removed the restriction a few funds open up time to time as aum drops due to fluctuations in the market icici pru nasdaq fund was one of them i believe the window for this fund has closed again 9 rmadaan3 6mo ago yup i put in one sip and it paused automatically today 3 fabulouseducator18 6mo ago its closed again,Neutral,
2025-11-27,https://www.news18.com/business/savings-and-investments/multi-asset-funds-or-aggressive-hybrid-funds-who-outperformed-over-10-years-9734616.html,news18,Multi-Asset Funds Or Aggressive Hybrid Funds: Who Outperformed Over 10 Years?,Multi-asset or aggressive hybrid funds- which is better for long-term wealth? We break down 10-year returns to help you choose the right ...,,multiasset funds or aggressive hybrid funds who outperformed over 10 years multiasset or aggressive hybrid funds which is better for longterm wealth we break down 10year returns to help you choose the right,Neutral,121388.0
2026-01-21,https://www.linkedin.com/feed/update/urn%3Ali%3Aactivity%3A7419685993731178496,linkedin,,A heartfelt thank you to our esteemed #partners and #sponsors who continue to power the journey of GCA. As we celebrate the Silver Jubilee . ...,"of the Global Conference of Actuaries, we are delighted to welcome ACTEX Learning IIRM-Distance Learning Program @III @NII ICICI Prudential AMC Ltd onboard for #GCA26 . Your support strengthens our shared vision of advancing actuarial science and shaping the future of finance.",a heartfelt thank you to our esteemed partners and sponsors who continue to power the journey of gca as we celebrate the silver jubilee,Positive,
2025-12-24,https://www.thehindubusinessline.com/markets/retail-investors-continue-to-bet-big-on-etfs/article70433732.ece,the hindu business line,Retail investors continue to bet big on ETFs,Investors are increasingly looking at exchange traded funds (ETFs – metals and equity) and index funds as a core allocation tool while ...,"... ,” says Chintan Haria, Principal - Investment Strategy, ICICI Prudential AMC. Passives to rule 2026 While the demand for ETFs is ...",retail investors continue to bet big on etfs investors are increasingly looking at exchange traded funds etfs metals and equity and index funds as a core allocation tool while,Positive,5621019.0
2026-02-11,https://www.cnbctv18.com/personal-finance/icici-prudential-business-cycle-mutual-fund-sip-10000-into-10-lakh-5-years-ws-el-19847707.htm,cnbc-tv18,"This mutual fund has turned a ₹10,000 monthly SIP into nearly ₹10 lakh in 5 years","ICICI Prudential Business Cycle Fund delivered a 18.47% CAGR for SIP investors in five years, outperforming Nifty 500 TRI. S Naren ...","S Naren, Executive Director and Chief Investment Officer at ICICI Prudential AMC, noted that “a large part of India’s economy is inherently ...",this mutual fund has turned a ₹10000 monthly sip into nearly ₹10 lakh in 5 years icici prudential business cycle fund delivered a 1847 cagr for sip investors in five years outperforming nifty 500 tri s naren,Neutral,14580306.0
2025-12-01,https://m.dailyhunt.in/news/india/english/goodreturns-epaper-goreturn/sebi+gives+green+light+to+icici+prudential+amc+s+mega+ipo+49+million+shares+on+offer-newsid-n691361025,dailyhunt,SEBI Gives Green Light To ICICI Prudential AMC's Mega IPO; 49 Million Shares On Offer,"The Securities and Exchange Board of India (SEBI), the capital markets regulator, has given Mumbai-based ICICI Prudential Asset Management ...",SEBI Gives Green Light To ICICI Prudential AMC's Mega IPO; 49 Million Shares On Offer,sebi gives green light to icici prudential amcs mega ipo 49 million shares on offer the securities and exchange board of india sebi the capital markets regulator has given mumbaibased icici prudential asset management,Neutral,
2025-10-23,https://m.dailyhunt.in/news/india/english/analyticsinsighteng-epaper-anycinst/top+high+return+small+cap+mutual+funds+in+india-newsid-n686199242,dailyhunt,Top High-Return Small Cap Mutual Funds in India,"Quant Small Cap Fund: Achieved a 5-year CAGR of 47.1%, focusing on high-quality small-cap stocks with a disciplined, research-driven ...",,top highreturn small cap mutual funds in india quant small cap fund achieved a 5year cagr of 471 focusing on highquality smallcap stocks with a disciplined researchdriven,Positive,5814639.0
2025-12-09,https://www.financialexpress.com/money/best-low-cost-retirement-mutual-fund-this-icici-pru-fund-tops-1-3-and-5-year-return-charts-4070465/,the financial express,"Best low-cost retirement mutual fund: THIS ICICI Pru fund tops 1, 3 and 5-year return charts","ICICI Prudential Retirement Fund – Pure Equity – Direct Plan has emerged as the best-performing low-cost retirement mutual fund, topping 1, ...","... retirement fund, launched on February 7, 2019 under the ICICI Prudential Mutual Fund umbrella. Since inception, it has delivered a robust ...",best lowcost retirement mutual fund this icici pru fund tops 1 3 and 5year return charts icici prudential retirement fund pure equity direct plan has emerged as the bestperforming lowcost retirement mutual fund topping 1,Positive,16655916.0
2025-09-30,https://www.businesstoday.in/personal-finance/news/story/icici-prudential-conglomerate-equity-fund-nfo-october-496327-2025-09-30,business today,ICICI Prudential MF launches conglomerate-focused equity scheme,ICICI Prudential Conglomerate Fund’s investment universe includes significant representation from promoter-led groups with activity in ...,"... Naren, executive director and chief investment officer at ICICI Prudential AMC. ICICI Prudential Mutual Fund underlined that ...",icici prudential mf launches conglomeratefocused equity scheme icici prudential conglomerate funds investment universe includes significant representation from promoterled groups with activity in,Neutral,33585792.0
2025-12-09,https://www.linkedin.com/feed/update/urn%3Ali%3Aactivity%3A7404016966375522304,linkedin,,Rajasthan and CSR Here are the Top 5 Districts and Top 5 CSR Contributors driving meaningful impact in Rajasthan. Stay connected as we ...,"all Indian States and UTs. Tell us in the comments which State you would like to see next! Hindustan Zinc , HDFC Bank , Chambal Fertilisers and Chemicals Limited , ICICI Prudential AMC Ltd , G R Infraprojects Limited Arun Marette Parthesh Vyas #CSRMaps #CSR #ImpactInvesting",rajasthan and csr here are the top 5 districts and top 5 csr contributors driving meaningful impact in rajasthan stay connected as we,Positive,
,https://www.mouthshut.com/product-reviews/icici-prudential-mutual-fund-reviews-925602486,mouthshut,Customer Support,"There is a definite downslide in their services and record keeping, , in one of our various schemes with this fund the statement of account issued by themseven years ago has rightly mentioned the nomination of my heir , , but their latest statement with the same folio is showing nomination required , , no rectification made despite reminders mailed",,customer support there is a definite downslide in their services and record keeping in one of our various schemes with this fund the statement of account issued by themseven years ago has rightly mentioned the nomination of my heir but their latest statement with the same folio is showing nomination required no rectification made despite reminders mailed,Negative,
2026-01-01,https://www.cnbctv18.com/market/stock-picking-sector-calls-key-in-mature-bull-market-icici-prudential-amc-s-naren-artificial-intelligence-it-sector-alpha-article-19811150.htm,cnbc-tv18,"From pharmaceuticals to software and healthcare, where S Naren sees opportunity now","ICICI Prudential AMC CIO S Naren said the market is in a mature bull phase, making stock picking more important than sector calls. He said ...","... , across all styles. And that is what everyone in ICICI Prudential AMC is continuously working on. You picked up shares through ...",from pharmaceuticals to software and healthcare where s naren sees opportunity now icici prudential amc cio s naren said the market is in a mature bull phase making stock picking more important than sector calls he said,Neutral,245580.0
2025-07-03,https://www.financialexpress.com/money/best-multi-cap-mutual-funds-to-invest-in-2025-3901512/,the financial express,Best multi cap mutual funds to invest in 2025,This article breaks down the highest returning Multi Cap Mutual Funds through SIPs and why they matter in India’s current market ...,,best multi cap mutual funds to invest in 2025 this article breaks down the highest returning multi cap mutual funds through sips and why they matter in indias current market,Positive,8740784.0
2025-08-22,https://economictimes.indiatimes.com/mf/analysis/35-equity-mutual-funds-complete-over-25-years-in-2025-how-much-returns-did-they-offer/articleshow/123449040.cms,the economic times,35 equity mutual funds complete over 25 years in 2025. How much returns did they offer?,"As numerous new schemes emerge, 35 equity mutual funds in India have marked 25 years. These include ELSS, large and mid-cap, large-cap, ...",,35 equity mutual funds complete over 25 years in 2025 how much returns did they offer as numerous new schemes emerge 35 equity mutual funds in india have marked 25 years these include elss large and midcap largecap,Neutral,12220656.0
2026-01-19,https://www.business-standard.com/finance/personal-finance/midcaps-to-hybrids-inside-icici-prudential-s-new-isif-long-short-funds-126011900516_1.html,business standard,Midcaps to Hybrids: Inside ICICI Prudential's new iSIF Long-Short funds,Don't miss the most important news and views of the day. Get them on our Telegram channel,"... across market cycles,"" said Sankaran Naren, ED & CIO, ICICI Prudential AMC.",midcaps to hybrids inside icici prudentials new isif longshort funds dont miss the most important news and views of the day get them on our telegram channel,Neutral,30113088.0
2025-08-17,https://www.reddit.com/r/mutualfunds/comments/1mseu7v,reddit.com/r/mutualfunds,"Questions regarding ICICI Prudential Mutual Fund heads S. Naren statement !!
Hello Folks,

I recently came across this X post summarizing statements by S. Naren, the head of ICICI Prudential Mutual Fund. He mentioned that Indian markets are at insane valuations, and that a “lost decade” might come. During the “lost decade” from 1994 to 2004, returns were very weak despite the optimism of the time. Do we feel that there is another crash coming? What are your thoughts on this? I would be delighted if veteran investors could share their opinions. Thank you

Here is the link https://x.com/TheClubJunto/status/1956422671027105937"," have watched this interview.

S Naren is a wise man who explains things in simple terms. Rather- listen to how he says it and what he says directly, instead of reading someone else's summary. Link of this interview: https://www.youtube.com/live/uF-6YaeKHJk

Because I have read some of these summaries and none captured the essence.

My learnings from this interview would be:

Conventional wisdom says: Returns from equity will be lower in next decade than what we saw in last decade.

Conventional wisdom may or may not turn out to be true. It is just more probable. As Naren says- Investing is not abt arithmatic, but abt probability.

According to Naren- Large caps and Flexi caps are more attractive than Mid-Small caps. Hybrid funds which do Dynamic Asset Allocation, international funds investing in emerging markets are attractive. So- as an investor, good to not have very large allocations to mid and small caps. Good to diversify across market caps, assets and geographies.


29","nvesting in the Current Stock Market: Strategies from S. Naren (Head of ICICI Prudential Mutual Fund)

Honesty is rare in Indian finance. S. Naren, who manages Rs. 6.5 lakh crore in equity, is an extraordinary mutual fund manager who is warning small investors to get cautious.

S. Naren is a self-confessed fan of Charlie Munger. So, before we begin, here’s a short story Charlie Munger used to tell about fund managers:

""There was this guy who sold fishing rod sets. I asked him: ‘My God, they’re purple and green. Do fish really get attracted by these colors?’ And he said: ‘Mister, I don’t sell to fish.’ Fund managers remind me of that fishing rod salesman.""

Priceless Guidance for Retail Investors from S. Naren’s Recent Interview on CNBC

1. Indian Stock Market Investors are the Sole Risk-Takers Financing the Entire Economy: Stock market investors today do not realize that instead of the banks, it is their hard-earned money which is now financing the companies.

This “investor financing” is happening through over-valued IPOs, QIPs, MNCs Selling, and Promoter Exits.

2. Stocks are Trading at Insane Valuations: The problem with equity investing at present is that stocks are trading at 50 PE, 60 PE etc. in the hope that earnings growth will follow. But what happens if the earnings don’t come?

During the “Lost Decade” from 1994 to 2004, many small and mid-cap companies disappeared. Growth and earnings did not come. Only large caps survived. Same risk applies to today’s over-valued market.

3. Judgment Day May Be Yet to Come: Private equity players who sell over-valued IPOs after cashing multi-bagger returns say “why worry – everyone is making money in India.” But the final time to judge the returns may not be today.

4. “Hold for the Long-Term” Mantra Only Works for Quality Stocks: With good stocks, time is your friend. With bad stocks, time is your enemy. At today’s valuations, even if you buy and hold for the long-term, capital destruction can happen – unless you buy high quality stocks.

5. Three Mistakes Investors Made in the 1990s Bull Market: As the bull market expanded: (a) They reduced the quality of their portfolios (by buying low quality stocks); (b) They reduced the liquidity of their portfolios (by buying illiquid stocks); and (c) They reduced the capitalization of their portfolios (by buying stocks with smaller market caps).

Avoid these 3 mistakes – these are the lessons we learnt from the nineties.

6. India is the Only Market Where IPOs are Still Selling: Private equity investors say India is the only market where they can still sell their IPOs and get profitable exits. They have not made that kind of multi-bagger returns in any other market. 

7. A Stock at 25 PE is Over-valued if There is No Earnings Growth: Most investors don’t understand what it means to buy a stock at 25 P/E with no earnings growth. It means you are paying the price for 25 years’ earnings.

EXPLANATION: If a company has an EPS of Rs. 1 and its stock price is Rs. 25 (P/E = 25). So, you are paying Rs. 25 upfront for that stock. If the company continues to earn Rs. 1 per share every year (no growth in earnings), it will take 25 years (Rs. 1 x 25 years) to recover the initial stock investment of Rs. 25.

Today there are so many companies whose quarterly results come and there is no earnings growth. So, even 20 or 25 P/E for such stocks is an over-valuation.

8. Will Indian Stock Valuations Always Remain High Because Only 6% Households Have Equity Participation and SIP Money Has a Long Runway? Naren: Flows alone cannot determine the valuations of an asset class in the long run. All the market gurus in history have said this.

With the SIP inflows you might extend the over-valued market for another 2 or 3 years. But in the long run, only corporate earnings will determine valuations. Earnings growth is not happening right now in India.

9. Indian Stock Market in Next 2-3 Quarters: If consumption picks up in the festive season, and if credit growth improves (if people start taking fresh loans), then corporate earnings will come. But as of now, credit growth is low, and in this situation, earnings cannot come.

10. Strategy: Invest in Other Global Markets: Most global stock markets are cheaply valued and doing much better than India right now. Investors in India should consider investing in other global stock markets, which will likely deliver multi-year returns because of the low base.

11. Strategy: Diversify to Gold: Gold is no longer cheap, but for the sake of risk diversification, investors should consider investing partially in gold. No asset class is cheap in India right now (except perhaps office properties).

12: Strategy: No Interest in Crypto – Naren: “I’ve seen that whatever Charlie Munger said comes true with a time lag. He was against crypto investing. So, I’ve never considered it as an asset class for my investing.”

13. Strategy: Short-term Investing – Naren: ""In today’s market, even if we find we have a 10% or 20% potential upside in a stock, we buy. And then take a gain, and exit.

If my target upside in a stock is 20%, and the stock price goes down by 5%, then my potential upside becomes 25%. So, we invest in those kinds of short-term opportunities. In that sense, volatility is my friend right now.""

14. Strategy: Oil & Gas Stocks like ONGC/BPCL etc. – Naren: “This is the only pocket where I feel the stock valuations in India may still be reasonable. The goal with low valuations is to limit your downside risk.”

15. Strategy: Pharma Stocks: Tariffs have created uncertainty, but pharma stocks are a multi-decadal story. The world population as well as India’s population is aging. With age, you need more medicines and more healthcare. Demand in this sector will only increase.

16. Strategy: Banking Stocks: Right now, banking growth is restricted because companies don’t need bank credit (as stock investors are financing them.) But whenever stock market correction happens, the banking sector will outperform because then good companies will have to take loans from the banks.

17. Strategy: Personal Investing: Naren is partially invested in his own mutual funds and partially invested in global stocks outside India. Percentage of India vs. Global allocation: Did not reveal.

Endpiece:

Charlie Munger said: “Fish where the fish are.” Right now extremely cheap valuations are available outside India. Look at global stocks with an open mind. If the mind is closed, it is dangerous to play the stock markets.",questions regarding icici prudential mutual fund heads s naren statement hello folks i recently came across this x post summarizing statements by s naren the head of icici prudential mutual fund he mentioned that indian markets are at insane valuations and that a lost decade might come during the lost decade from 1994 to 2004 returns were very weak despite the optimism of the time do we feel that there is another crash coming what are your thoughts on this i would be delighted if veteran investors could share their opinions thank you here is the link have watched this interview s naren is a wise man who explains things in simple terms rather listen to how he says it and what he says directly instead of reading someone elses summary link of this interview because i have read some of these summaries and none captured the essence my learnings from this interview would be conventional wisdom says returns from equity will be lower in next decade than what we saw in last decade conventional wisdom may or may not turn out to be true it is just more probable as naren says investing is not abt arithmatic but abt probability according to naren large caps and flexi caps are more attractive than midsmall caps hybrid funds which do dynamic asset allocation international funds investing in emerging markets are attractive so as an investor good to not have very large allocations to mid and small caps good to diversify across market caps assets and geographies 29,Neutral,21902499.0
2025-12-04,https://m.dailyhunt.in/news/india/english/analyticsinsighteng-epaper-anycinst/best+mutual+funds+to+invest+in+december+2025-newsid-n691689905,dailyhunt,Best Mutual Funds to Invest in December 2025,Overview:Top-performing mutual funds in December 2025 combine strong 3-year CAGR with stable AUM.Flexi Cap and Mid-cap Funds continue to ...,,best mutual funds to invest in december 2025 overviewtopperforming mutual funds in december 2025 combine strong 3year cagr with stable aumflexi cap and midcap funds continue to,Positive,6767237.0
2025-11-24,https://www.linkedin.com/feed/update/urn%3Ali%3Aactivity%3A7398610181351211009,linkedin,"ALT InvestorALT Investor
3,925 followers3,925 followers
2mo • Edited •  2 months ago • Edited • Visible to anyone on or off LinkedIn

Follow

We are back with another insightful podcast! This time, Ankur Jhaveri goes into a deep conversation with Manish Banthia, Chief Investment Officer of Fixed Income at ICICI Prudential AMC Ltd, on the intricacies of debt mutual funds and the importance of asset allocation. 

During the podcast, Manish emphasized the need for retail investors to understand economic cycles and make informed decisions about their portfolios. 

The discussion went on to cover the current state of hashtag#gold and hashtag#silver investments, the role of arbitrage funds, and the risks associated with fixed-income investments. Manish also provided valuable insights into how investors can navigate the market and optimize their returns.","We are back with another insightful podcast! This time, Ankur Jhaveri goes into a deep conversation with Manish Banthia , Chief Investment . ...","podcast! This time, Ankur Jhaveri goes into a deep conversation with Manish Banthia , Chief Investment Officer of Fixed Income at ICICI Prudential AMC Ltd , on the intricacies of debt mutual funds and the importance of asset allocation. During the podcast, Manish emphasized the",alt investoralt investor 3925 followers3925 followers 2mo edited 2 months ago edited visible to anyone on or off linkedin follow we are back with another insightful podcast this time ankur jhaveri goes into a deep conversation with manish banthia chief investment officer of fixed income at icici prudential amc ltd on the intricacies of debt mutual funds and the importance of asset allocation during the podcast manish emphasized the need for retail investors to understand economic cycles and make informed decisions about their portfolios the discussion went on to cover the current state of hashtaggold and hashtagsilver investments the role of arbitrage funds and the risks associated with fixedincome investments manish also provided valuable insights into how investors can navigate the market and optimize their returns we are back with another insightful podcast this time ankur jhaveri goes into a deep conversation with manish banthia chief investment,Neutral,
2025-07-05,https://www.reddit.com/r/IndiaInvestments/comments/1lrh5au/comment/n1g6qcv,reddit.com/r/indiainvestments,"I recently started my first job. And yes emergency fund and insurance are my priority.

Currently I try to invest 30k monthly in the following MFs

Parag Parikh Flexi Cap Fund Direct Growth - 10k

Motilal Oswal Large Cap Fund Direct Growth - 5k

ICICI Prudential Large Cap Fund Direct Growth - 5k

Motilal Oswal Midcap Fund Direct Growth - 5k

Edelweiss US Technology Equity FoF Direct Growth - 5k

How is this fund allocation and how can I improve.",,,i recently started my first job and yes emergency fund and insurance are my priority currently i try to invest 30k monthly in the following mfs parag parikh flexi cap fund direct growth 10k motilal oswal large cap fund direct growth 5k icici prudential large cap fund direct growth 5k motilal oswal midcap fund direct growth 5k edelweiss us technology equity fof direct growth 5k how is this fund allocation and how can i improve,Neutral,12772308.0
2026-01-01,https://www.financialexpress.com/business/news/demand-recovery-to-shape-growth-outlook-in-new-year/4094013/,the financial express,Demand recovery to shape growth outlook in new year,"With rural demand finally outpacing urban growth and private capex pivoting toward deep-tech like AI and semiconductors, India remains the ...","Other asset managers echoed this view. S Naren, ED and CIO, ICICI Prudential AMC, pointed out that policy measures such as tax cuts, GST ...",demand recovery to shape growth outlook in new year with rural demand finally outpacing urban growth and private capex pivoting toward deeptech like ai and semiconductors india remains the,Positive,343822.0
2025-11-08,https://www.reddit.com/r/MutualfundsIndia/comments/1p7wjb0/comment/nr110b9/,reddit.com/r/mutualfundsindia,,,"hanks for the suggestion! I’ll definitely check out ICICI Prudential Multi Asset Fund. I like the idea of diversified allocation across equity/ debt/ gold, so it might fit well. Will study it properly before deciding.",,Neutral,10617726.0
2025-07-18,https://www.linkedin.com/feed/update/urn%3Ali%3Aactivity%3A7351942345904357376,linkedin,,Day 3 at the COFP Annual Retreat continued in full flow with an engaging and eye-opening session by Ms. Arpita Khadria on a topic many ...,nudged us to think harder about how we show up - and how we want to be remembered! Event Partners - HDFC Mutual Fund ICICI Prudential AMC Ltd Bajaj Finserv Asset Management Ltd SBI MUTUAL FUND Sundaram Finance WhiteOak Capital Mirae Asset Mutual Fund (India) Kotak Mutual Fund,day 3 at the cofp annual retreat continued in full flow with an engaging and eyeopening session by ms arpita khadria on a topic many,Neutral,
2025-09-08,https://economictimes.indiatimes.com/markets/expert-view/dividend-stock-investing-how-icici-prudential-mfs-mittul-kalawadia-balances-growth-with-yields/articleshow/123747719.cms,the economic times,Dividend stock investing: How ICICI Prudential MF's Mittul Kalawadia balances growth with yields,"ICICI Prudential AMC's dividend yield strategy, led by Mittul Kalawadia, balances yield sustainability with growth potential across market ...","... , Senior Fund Manager at ICICI Prudential AMC, explains how the fund house strikes the right balance between and . By focusing on ...",dividend stock investing how icici prudential mfs mittul kalawadia balances growth with yields icici prudential amcs dividend yield strategy led by mittul kalawadia balances yield sustainability with growth potential across market,Neutral,801433.0
2025-08-23,https://www.linkedin.com/feed/update/urn%3Ali%3Aactivity%3A7365018244723671040,linkedin,,... 🌐 Clarity in Chaos Investors Market Dialogue - Wealth First Group - August 2025 We had the privilege of hosting an exclusive investor ca ...,"sectoral resilience provide balance. In uncertain times, perspectives like these help investors focus on what truly matters. 🙏 Thank you ICICI Prudential AMC Ltd , Anish Tawakley , Saurabh Mehta and Adrian D'souza for partnering with Wealth First to make this session impactful.",clarity in chaos investors market dialogue wealth first group august 2025 we had the privilege of hosting an exclusive investor ca,Neutral,
2025-11-29,https://www.msn.com/en-in/money/markets/icici-pru-value-fund-50x-growth-in-21-years-rs-5-000-monthly-sip-builds-over-rs-1-crore/ar-AA1RoQN3,msn india,"ICICI Pru Value Fund: 50X growth in 21 years; Rs 5,000 monthly SIP builds over Rs 1 crore",... ; ; ; ICICI Prudential Value Fund is one of the few equity schemes that has successfully completed more than two decades in the market. ...,"... under management and the largest equity fund within the ICICI Prudential Mutual Fund family. Over its full journey of 21 years, 3 months ...",icici pru value fund 50x growth in 21 years rs 5000 monthly sip builds over rs 1 crore icici prudential value fund is one of the few equity schemes that has successfully completed more than two decades in the market,Positive,
2025-10-23,https://m.dailyhunt.in/news/india/english/analyticsinsighteng-epaper-anycinst/best+etfs+to+invest+in+india+in+2025-newsid-n686199245,dailyhunt,Best ETFs to Invest in India in 2025,"CPSE ETF, with a market cap of Rs. 56,773.73 crore and a close price of Rs. 94.09, is a top equity ETF in India. Offering 1-year returns of ...",,best etfs to invest in india in 2025 cpse etf with a market cap of rs 5677373 crore and a close price of rs 9409 is a top equity etf in india offering 1year returns of,Positive,14973137.0
2025-11-26,https://obnews.co/Index/flowNewsDetail/id/12856779.html,obnews,"A Monthly SIP of ₹10,000 in This ICICI Pru Fund Could Have Grown to ₹1 Crore Today",ICICI Prudential Largecap Fund has once again proved why it remains one of the most trusted mutual fund schemes for long-term wealth ...,,a monthly sip of ₹10000 in this icici pru fund could have grown to ₹1 crore today icici prudential largecap fund has once again proved why it remains one of the most trusted mutual fund schemes for longterm wealth,Positive,
2026-01-01,https://www.thehindubusinessline.com/markets/icici-pru-amc-relieves-sankaran-naren-from-managing-dynamic-asset-allocation-fof/article70460288.ece,the hindu business line,ICICI Pru AMC relieves Sankaran Naren from managing Dynamic Asset Allocation FoF,The fund management team has now been revised to include Sharmila D’silva,,icici pru amc relieves sankaran naren from managing dynamic asset allocation fof the fund management team has now been revised to include sharmila dsilva,Neutral,12220656.0
2025-11-27,https://www.goodreturns.in/personal-finance/best-mutual-funds-icici-hdfc-sbi-nippon-among-consistent-performers-in-mid-small-large-cap-cate-1472803.html,goodreturns,"Best Mutual Funds: ICICI, HDFC, SBI Nippon Among Consistent Performers In Mid, Small, Large Cap Categories",Best Mutual Funds: Growing Systematic Investment Plan (SIP) inflows are a reflection of the growing trend of mutual fund investment in ...,,best mutual funds icici hdfc sbi nippon among consistent performers in mid small large cap categories best mutual funds growing systematic investment plan sip inflows are a reflection of the growing trend of mutual fund investment in,Positive,6319982.0
2025-11-28,https://www.financialexpress.com/money/best-index-funds-smallcap-midcap-and-nifty-50-compared-across-3-5-and-10-year-return-charts-4058642/,the financial express,"Best index funds: Smallcap, midcap and Nifty 50 compared across 3, 5 and 10-year return charts","India's index fund landscape changes dramatically when you compare 3-year, 5-year and 10-year performance charts. Smallcap and thematic ...",,best index funds smallcap midcap and nifty 50 compared across 3 5 and 10year return charts indias index fund landscape changes dramatically when you compare 3year 5year and 10year performance charts smallcap and thematic,Neutral,11280189.0
2025-09-30,https://www.cnbctv18.com/personal-finance/icici-prudential-mf-launches-conglomerate-themed-fund-nfo-opens-in-three-days-19697278.htm,cnbc-tv18,ICICI Prudential MF launches conglomerate-themed fund; NFO opens in three days,"ICICI Prudential Mutual Fund will open its Conglomerate Fund NFO on Oct 3, targeting promoter-led groups across sectors.","... ICICI Prudential Mutual Fund will open its Conglomerate Fund NFO on Oct 3, targeting promoter-led groups across sectors. ICICI Prudential ...",icici prudential mf launches conglomeratethemed fund nfo opens in three days icici prudential mutual fund will open its conglomerate fund nfo on oct 3 targeting promoterled groups across sectors,Neutral,313329.0
2025-08-05,https://www.zeebiz.com/personal-finance/mutual-fund/photo-gallery-nippon-india-icici-prudential-invesco-india-dsg-large-cap-hdfc-bandhan-baroda-bnp-paribas-direct-growth-large-cap-funds-with-highest-mutual-fund-sip-return-calculator-375570,zee business,Top 7 largecap mutual funds; know how much return top fund has given in 5 years,The seventh fund on the list is Baroda BNP Paribas Large Cap Fund. It has given a 16.56 per cent SIP return in five years. The fund size is ...,,top 7 largecap mutual funds know how much return top fund has given in 5 years the seventh fund on the list is baroda bnp paribas large cap fund it has given a 1656 per cent sip return in five years the fund size is,Neutral,58845.0
2025-11-22,https://m.dailyhunt.in/news/india/english/analyticsinsighteng-epaper-anycinst/best+performing+low+risk+mutual+funds+for+2025-newsid-n690146131,dailyhunt,Best Performing Low-Risk Mutual Funds for 2025,"Overview:Diversified allocation across equity, debt and commodities supports steadier growth in changing markets.Low-risk hybrid and ...",,best performing lowrisk mutual funds for 2025 overviewdiversified allocation across equity debt and commodities supports steadier growth in changing marketslowrisk hybrid and,Positive,7020100.0
2025-10-28,https://www.moneycontrol.com/news/business/markets/after-the-midcap-mania-market-experts-bet-on-largecaps-for-next-round-of-alpha-13637978.html,moneycontrol.com,"After the midcap mania, market experts bet on largecaps for next round of alpha","With mid and small caps trading at frothy valuations, fund managers at the Moneycontrol Mutual Fund Summit 2025 said large caps could lead ...","... may come from large caps. Anish Tawakley, Co-CIO (Equity), ICICI Prudential AMC, said the market’s recent consolidation was natural after ...",after the midcap mania market experts bet on largecaps for next round of alpha with mid and small caps trading at frothy valuations fund managers at the moneycontrol mutual fund summit 2025 said large caps could lead,Neutral,14973137.0
2025-10-22,https://www.zeebiz.com/personal-finance/mutual-fund/photo-gallery-top-7-large-and-midcap-mutual-funds-in-5-years-rs-1600000-lump-sum-investment-in-no-1-scheme-has-led-to-rs-603-lakh-motilaloswal-icici-hdfc-invesco-quant-uti-bandhan-381475,zee business,"Top 7 Large & Midcap Mutual Funds in 5 Years: Rs 16,00,000 lump sum investment in No. 1 scheme has led to Rs 60.3 lakh wealth",Large & midcap mutual funds are equity funds that invest in both largecap and midcap companies. These funds invest in the top 200 companies ...,,top 7 large midcap mutual funds in 5 years rs 1600000 lump sum investment in no 1 scheme has led to rs 603 lakh wealth large midcap mutual funds are equity funds that invest in both largecap and midcap companies these funds invest in the top 200 companies,Neutral,189838.0
2025-11-19,https://www.equitymaster.com/the-fundstrategist/detail.asp?date=11/19/2025&story=5&title=2026-Watchlist-3-High%2DPerforming-Multi-Cap-Mutual-Funds,equitymaster.com,2026 Watchlist: 3 High-Performing Multi Cap Mutual Funds,"Image source: ipopba/www.istockphoto.com If you want to maintain a balanced approach to largecaps, midcaps, and smallcaps, then among the ...",,2026 watchlist 3 highperforming multi cap mutual funds image source ipopbawwwistockphotocom if you want to maintain a balanced approach to largecaps midcaps and smallcaps then among the,Positive,347930.0
2025-09-01,https://economictimes.indiatimes.com/mf/analysis/nifty-next-50-can-this-be-your-next-move-in-largecap-investing/articleshow/123632272.cms,the economic times,Nifty Next 50: Can this be your next move in largecap investing,"What next? We often ask ourselves this question as we move ahead in life - after passing an important academic exam, after getting promoted ...",... - Chintan Haria is Principal- Investment Strategy at ICICI Prudential AMC) Add as a Reliable and Trusted News Source Add Now!,nifty next 50 can this be your next move in largecap investing what next we often ask ourselves this question as we move ahead in life after passing an important academic exam after getting promoted,Positive,25558809.0
2025-11-25,https://timesofindia.indiatimes.com/business/financial-literacy/investing/how-to-be-a-value-investor-when-nifty-is-at-26000-sensex-at-85000-guide-to-finding-value-when-the-market-looks-pricey/articleshow/125557554.cms,the times of india,"How to be a value investor when Nifty is at 26,000, Sensex at 85,000: Guide to finding value when the market looks pricey","Even with Nifty at 26,000 and Sensex at 85,000, value investing opportunities persist. Focus on fundamentally sound businesses overlooked ...","... of the year. Then a warning from Sankaran Naren, CIO of ICICI Prudential Mutual Fund, triggered an alarm in the markets. By March 2025, ...",how to be a value investor when nifty is at 26000 sensex at 85000 guide to finding value when the market looks pricey even with nifty at 26000 and sensex at 85000 value investing opportunities persist focus on fundamentally sound businesses overlooked,Positive,7749939.0
2026-01-05,https://www.cnbctv18.com/personal-finance/icici-pru-chintan-haria-sips-passive-mutual-funds-2026-outlook-etfs-ws-l-19814058.htm,cnbc-tv18,Why ICICI Pru's Chintan Haria believes SIPs and passive funds will stay in focus in 2026,"Chintan Haria of ICICI Prudential AMC predicts investors will favor SIPs, diversified mutual funds, and ETFs like Nifty 500, Nifty Next 50, ...","... to Chintan Haria, Principal – Investment Strategy at ICICI Prudential AMC. Periods of market swings, he said, tend to highlight the ...",why icici prus chintan haria believes sips and passive funds will stay in focus in 2026 chintan haria of icici prudential amc predicts investors will favor sips diversified mutual funds and etfs like nifty 500 nifty next 50,Neutral,
2025-09-29,https://www.money9live.com/share-market/s-naren-market-forecast-know-what-is-opinion-about-market-and-what-should-be-strategy-of-investors-video-72847.html,money9live,"S. Naren का Market Forecast, जानें बाजार को लेकर क्या है राय और निवेशकों की क्या हो स्ट्रैटेजी?","... पिछले एक दशक में भारतीय बाजार ने जो तेजी बनाई है उसने दुनियाभर के कई बाजारों को पीछे छोड़ दिया है. लेकिन अचानक से एक साल में सब पलट गया, ...","... को क्या रणनीति अपनानी चाहिए. इन सभी मुद्दों पर क्या है ICICI Prudential Mutual Fund CIO S. Naren की राय, चलिए आपको बताते हैं इस वीडियो में.",s naren market forecast,Neutral,2033792.0
2025-07-23,https://www.angelone.in/news/best-gold-etfs-in-india-in-august-2025,angel one,Best Gold ETFs in India in August 2025 Based on 5yr CAGR,"ICICI Prudential, HDFC, SBI, Kotak, and Nippon India ETFs lead the list of best Gold ETFs in India for August 2025 by CAGR and returns. ...",,best gold etfs in india in august 2025 based on 5yr cagr icici prudential hdfc sbi kotak and nippon india etfs lead the list of best gold etfs in india for august 2025 by cagr and returns,Neutral,16655916.0
2025-08-27,https://economictimes.indiatimes.com/mf/analysis/18-equity-mutual-funds-gave-over-30-returns-since-last-ganesh-chaturthi/articleshow/123537998.cms,the economic times,18 equity mutual funds gave over 30% returns since last Ganesh Chaturthi,Several international equity mutual funds stood out with stellar returns since last Ganesh Chaturthi. Invesco India – Invesco Global ...,,18 equity mutual funds gave over 30 returns since last ganesh chaturthi several international equity mutual funds stood out with stellar returns since last ganesh chaturthi invesco india invesco global,Positive,12772308.0
2026-01-25,https://www.fortuneindia.com/long-reads/best-investments-2026-the-best-debt-fund-manager/129359,fortune india,Best Investments 2026: The best debt fund manager,Avoiding dramatic bets has helped Manish Banthia deliver in a volatile market.,"Manish Banthia, chief investment officer, fixed income, ICICI Prudential AMC INVESTORS VIEW fixed income as the calmer part of the market ...",best investments 2026 the best debt fund manager avoiding dramatic bets has helped manish banthia deliver in a volatile market,Positive,
2025-08-12,https://www.zeebiz.com/personal-finance/mutual-fund/photo-gallery-top-largecap-midcap-smallcap-mutual-funds-in-3-years-list-aug-11-2025-bse-nifty-100-midcap-150-smallcap-250-tri-benchmark-beating-schemes-list-376128,zee business,"Top 6 MF Schemes in 3 Years: These largecap, midcap, smallcap funds have beaten benchmarks with up to 21% returns; see list","Equity mutual funds have been the talk of the town for the past several months, and counting, with schemes across largecap, midcap and ...",,top 6 mf schemes in 3 years these largecap midcap smallcap funds have beaten benchmarks with up to 21 returns see list equity mutual funds have been the talk of the town for the past several months and counting with schemes across largecap midcap and,Neutral,41256.0
2025-08-13,https://www.reddit.com/r/MutualfundsIndia/comments/1moy5u1/comment/n8gj41q,reddit.com/r/mutualfundsindia,,"Need Advice for ICICI Thematic Advantage & ICICI Equity Savings for 3-Year Horizon (Low Risk, Emergency-Ready)
Hi everyone,

I’m planning to invest ₹10–20 lakh (my mother’s savings) and have shortlisted and will only go with these two mutual funds:

ICICI Prudential Thematic Advantage Fund

ICICI Prudential Equity Savings Fund

Time Horizon: Around 3 years, but I may need to withdraw earlier in case of an emergency.
Goal: Low risk — I want to ensure the money isn’t at a decreased value if withdrawn before 3 years.
Risk Tolerance: Low to moderate (primary focus on capital protection, but want returns better than FD and which can beat inflation in the long run).
Reason for Selection: I’ve already decided on these two funds based on past performance and stability — just need help in deciding the right allocation ratio.

My Questions:

Should I invest all the amount in one of these, or split between them? If split, what ratio is best for low risk and emergency liquidity?

How much downside risk should I expect if I need to redeem within 1–2 years?

Your suggestions will really help, this is a retirement-focused saving for my mom and dad and for our education.

Thanks in advance!

Update: Please also explain what is diff between direct or regular fund and with which we should move ahead?","I would’ve picked an Arbitrage fund or a Short Term Debt Fund for this. But if I’m forced to choose 1 out of the aforementioned choices, I would pick ICICI Equity Savings Fund since it’s a tax efficient version of a Conservative Hybrid Fund. Maybe I’d have divided the money between an Arbitrage Fund and the Equity Savings Fund",need advice for icici thematic advantage icici equity savings for 3year horizon low risk emergencyready hi everyone im planning to invest ₹1020 lakh my mothers savings and have shortlisted and will only go with these two mutual funds icici prudential thematic advantage fund icici prudential equity savings fund time horizon around 3 years but i may need to withdraw earlier in case of an emergency goal low risk i want to ensure the money isnt at a decreased value if withdrawn before 3 years risk tolerance low to moderate primary focus on capital protection but want returns better than fd and which can beat inflation in the long run reason for selection ive already decided on these two funds based on past performance and stability just need help in deciding the right allocation ratio my questions should i invest all the amount in one of these or split between them if split what ratio is best for low risk and emergency liquidity how much downside risk should i expect if i need to redeem within 12 years your suggestions will really help this is a retirementfocused saving for my mom and dad and for our education thanks in advance update please also explain what is diff between direct or regular fund and with which we should move ahead,Neutral,347930.0
2025-08-14,https://obnews.co/Index/flowNewsDetail/id/11578682.html,obnews,"Best SIP Plans in India for Beginners: Low Risk, High Returns Options","Starting your investment journey? SIPs are a great way to begin. Learn about the best low-risk SIP options in India for 2025, balancing ...",,best sip plans in india for beginners low risk high returns options starting your investment journey sips are a great way to begin learn about the best lowrisk sip options in india for 2025 balancing,Positive,3531794.0
2025-08-25,https://www.businessworld.in/article/icici-prudential-asset-management-company-inaugurates-new-office-at-gift-city-announces-india-focused-fund-for-global-investors-568768,bw businessworld,Icici Prudential Asset Management Company Inaugurates New Office At Gift City; Announces India- Focused Fund For Global Investors,"The IFSC Branch was inaugurated by Amar Shah, Chief Business Officer, ICICI Prudential AMC. Also, seen in the picture are Ashutosh Mishra, ...","... was inaugurated by Amar Shah, Chief Business Officer, ICICI Prudential AMC. Also, seen in the picture are Ashutosh Mishra, Principal ...",icici prudential asset management company inaugurates new office at gift city announces india focused fund for global investors the ifsc branch was inaugurated by amar shah chief business officer icici prudential amc also seen in the picture are ashutosh mishra,Neutral,285637.0
2025-10-27,https://www.newspointapp.com/english/business/12-equity-mutual-funds-with-over-rs-1000-nav-deliver-over-15-cagr-since-inception-et/articleshow/145048209f0dd225f005284a4b8acb05ea7e08af,newspointapp,"12 equity mutual funds with over Rs 1,000 NAV deliver over 15% CAGR since inception","Around 12 equity mutual funds had a net asset value ( NAV ) of over Rs 1,000 as of October 24, 2025, and have delivered over 15% CAGR since ...",,12 equity mutual funds with over rs 1000 nav deliver over 15 cagr since inception around 12 equity mutual funds had a net asset value nav of over rs 1000 as of october 24 2025 and have delivered over 15 cagr since,Neutral,12220656.0
2025-11-24,https://economictimes.indiatimes.com/mf/analysis/best-gilt-mutual-funds-to-invest-in-november-2025/articleshow/125531393.cms,the economic times,Best gilt mutual funds to invest in November 2025,Gilt funds are not recommended to regular debt investors because they are risky and volatile. Gilt funds suffer the most when the rates go ...,,best gilt mutual funds to invest in november 2025 gilt funds are not recommended to regular debt investors because they are risky and volatile gilt funds suffer the most when the rates go,Neutral,12220656.0
2025-11-04,https://economictimes.indiatimes.com/mf/mf-news/all-the-risk-now-lies-with-investors-warns-icici-prudential-amcs-sankaran-naren/articleshow/125086832.cms,the economic times,"All the risk now lies with investors, warns ICICI Prudential AMC’s Sankaran Naren","ICICI Prudential AMC CIO Sankaran Naren warned that investment risks now lie entirely with investors, urging diversification into debt and ...","... ICICI Prudential AMC CIO Sankaran Naren warned that investment risks now lie entirely with investors, urging diversification into debt and ...",all the risk now lies with investors warns icici prudential amcs sankaran naren icici prudential amc cio sankaran naren warned that investment risks now lie entirely with investors urging diversification into debt and,Neutral,347930.0
2025-07-10,https://www.cnbctv18.com/personal-finance/icici-pru-chintan-haria-explains-why-time-to-look-at-quality-smart-beta-investing-19635083.htm,cnbc-tv18,Why ICICI Pru MF’s Chintan Haria believes it’s time to look at quality smart beta investing,"Haria explains that when markets turn cautious, investors hunt for fundamentally sound companies—those with strong balance sheets, high ...","... now. Chintan Haria, Principal – Investment Strategy at ICICI Prudential Mutual Fund, believes the signals are lining up. “Quality tends ...",why icici pru mfs chintan haria believes its time to look at quality smart beta investing haria explains that when markets turn cautious investors hunt for fundamentally sound companiesthose with strong balance sheets high,Positive,11569309.0
2025-11-24,https://www.linkedin.com/feed/update/urn%3Ali%3Aactivity%3A7398646200603897857,linkedin,"He will be sharing his insights on “Indian Opportunities Amid Global Uncertainties.” on Saturday, 29th November'25. ","We are pleased to announce that Anish Tawakley , Deputy CIO – Equity, ICICI Prudential AMC Ltd , will be joining us at our Annual Event for ...","We are pleased to announce that Anish Tawakley , Deputy CIO – Equity, ICICI Prudential AMC Ltd , will be joining us at our Annual Event for a special session moderated by Sapna Narang , Managing Partner, Capital League. He will be sharing his insights on “Indian Opportunities",he will be sharing his insights on indian opportunities amid global uncertainties on saturday 29th november25 we are pleased to announce that anish tawakley deputy cio equity icici prudential amc ltd will be joining us at our annual event for,Neutral,
2025-09-08,https://www.newspointapp.com/english-news/publisher-et/business/50-us-tariffs-will-change-a-shah-icici-pru-amc/articleshow/14504820656adbf90647eff5c0e2172a0cdbb6f8,newspointapp,"50% US tariffs will change: A. Shah, ICICI Pru AMC","Anand Shah, CIO-PMS and AIF Investments, ICICI Prudential AMC , in an interview that he expects tariff resolution through dialogue. He ...","Anand Shah, CIO-PMS and AIF Investments, ICICI Prudential AMC , in an interview that he expects tariff resolution through dialogue. He ...",50 us tariffs will change a shah icici pru amc anand shah ciopms and aif investments icici prudential amc in an interview that he expects tariff resolution through dialogue he,Neutral,25084627.0
2026-01-24,https://www.moneycontrol.com/news/business/markets/icici-pru-passive-multi-asset-fof-to-be-grandfathered-new-investments-to-stop-from-january-27-13789521.html,moneycontrol.com,"ICICI Pru Passive Multi-Asset FoF to be ""grandfathered""; new Investments to stop from January 27","As part of the grandfathering process, the scheme will continue with its current structure but will be merged and/or wound up upon ...",,icici pru passive multiasset fof to be grandfathered new investments to stop from january 27 as part of the grandfathering process the scheme will continue with its current structure but will be merged andor wound up upon,Neutral,8244574.0
2026-01-27,https://www.cnbctv18.com/personal-finance/icici-prudential-amc-turns-constructive-on-equities-sees-opportunity-after-market-correction-19834050.htm,cnbc-tv18,"ICICI Prudential AMC turns constructive on equities, sees opportunity after market correction","ICICI Prudential AMC’s Chintan Haria explains why the fund house has reopened small-cap and international funds, highlighting opportunities ...",... ICICI Prudential AMC has turned constructive on equities after a broad-based correction in Indian markets over the last few months. The ...,icici prudential amc turns constructive on equities sees opportunity after market correction icici prudential amcs chintan haria explains why the fund house has reopened smallcap and international funds highlighting opportunities,Positive,2115326.0
2025-12-03,https://www.msn.com/en-in/money/markets/best-sbi-equity-funds-that-shine-across-10-15-and-20-years-here-s-how-they-ranked/ar-AA1RAC4i,msn india,"Best SBI equity funds that shine across 10, 15 and 20 years — here’s how they ranked","... ; ; ; ; When investors look for mutual funds , the natural tendency is to focus on short-term charts. But wealth creation is not a 1-year ...",,best sbi equity funds that shine across 10 15 and 20 years heres how they ranked when investors look for mutual funds the natural tendency is to focus on shortterm charts but wealth creation is not a 1year,Neutral,6319982.0
2025-12-08,https://www.moneycontrol.com/news/business/markets/india-is-an-infinite-market-at-the-right-price-icici-pru-amc-s-nimesh-shah-bets-on-scale-over-margins-13715529.html,moneycontrol.com,MC EXCLUSIVE India is an infinite market at the right price: ICICI Pru AMC's Nimesh Shah bets on scale over margins,"As the AMC heads into its IPO, Shah says low fees strengthen — not strain — the business, backed by counter-cyclical products and a rapidly ...","... Nimesh Shah If you can deliver a low-cost product to India’s middle class, the market is “infinite,” says ICICI Prudential AMC Managing ...",mc exclusive india is an infinite market at the right price icici pru amcs nimesh shah bets on scale over margins as the amc heads into its ipo shah says low fees strengthen not strain the business backed by countercyclical products and a rapidly,Positive,14026100.0
2025-07-07,https://www.reddit.com/r/mutualfunds/comments/1ltxde3,reddit.com/r/mutualfunds,"Is ICICI Prudential Bluechip Fund and ICICI Prudential Large cap fund the same?
I wanted to invest in ICICI Prudential Bluechip fund but couldn't find it on Zerodha Kite. I read somewhere that it was renamed to ICICI Prudential Large cap some time back. Can anyone confirm this if they're the same fund so I don't invest in the wrong one. yes",,,is icici prudential bluechip fund and icici prudential large cap fund the same i wanted to invest in icici prudential bluechip fund but couldnt find it on zerodha kite i read somewhere that it was renamed to icici prudential large cap some time back can anyone confirm this if theyre the same fund so i dont invest in the wrong one yes,Neutral,
2025-11-04,https://www.newspointapp.com/english/astro/passive-investing-now-a-core-strategy-for-portfolio-building-icici-pru-expert-news9live-english/articleshow/14504820526b030f642b4483f14fa47ac6bbed9b,newspointapp,Passive investing now a core strategy for portfolio building: ICICI Pru expert,Kolkata: The popularity of passive investments is rising at an astonishing pace. The AUM in Sept 2025 for passive mutual fund schemes ...,"... be higher. Chintan Haria, principal, investment strategy ICICI Prudential AMC explains the reasons behind the popularity of passive ...",passive investing now a core strategy for portfolio building icici pru expert kolkata the popularity of passive investments is rising at an astonishing pace the aum in sept 2025 for passive mutual fund schemes,Positive,7749939.0
2025-11-27,https://upstox.com/news/personal-finance/mutual-funds/3-equity-et-fs-deliver-32-to-41-cagr-in-5-years-key-points-to-know/article-185354/,upstox,3 equity ETFs deliver 32% to 41% CAGR in 5 years: Key points to know,As many as three equity exchange-traded funds have each delivered an annualised compounded return of more than 30% in the five years ending ...,Government of India in 2017 and is currently managed by ICICI Prudential Mutual Fund. It invests in the constituents of the BSE Bharat 22 ...,3 equity etfs deliver 32 to 41 cagr in 5 years key points to know as many as three equity exchangetraded funds have each delivered an annualised compounded return of more than 30 in the five years ending,Neutral,6268740.0
2026-01-16,https://www.msn.com/en-in/money/topstories/sif-in-focus-icici-pru-mf-floats-isif-equity-ex-top-100-long-short-fund-isif-hybrid-long-short-fund/ar-AA1UkZKB,msn india,"SIF in focus: ICICI Pru MF floats iSIF Equity Ex-Top 100 Long-Short Fund, iSIF Hybrid Long-Short Fund","SIF in focus: ICICI Pru MF floats iSIF Equity Ex-Top 100 Long-Short Fund, iSIF Hybrid Long-Short Fund ; ; ; ICICI Prudential Mutual Fund ...","... the launches, Sankaran Naren, Executive Director and CIO at ICICI Prudential AMC, said the iSIF segment is meant to offer differentiated ...",sif in focus icici pru mf floats isif equity extop 100 longshort fund isif hybrid longshort fund sif in focus icici pru mf floats isif equity extop 100 longshort fund isif hybrid longshort fund icici prudential mutual fund,Neutral,656461.0
2025-11-19,https://www.msn.com/en-in/money/topstories/which-sectors-could-drive-the-next-market-rally-icici-prudential-amc-s-rajat-chandak-explains/ar-AA1QJaGW,msn india,Which sectors could drive the next market rally? ICICI Prudential AMC's Rajat Chandak explains,... ; ; ; ; Assets under management (AUM) of flexi cap funds surged nearly 25% in the past 12 months to a record high of Rs 5.34 lakh crore in ...,"... with Business Today, Rajat Chandak, Senior Fund Manager, ICICI Prudential AMC, shared his insights. Edited excerpts: BT: What’s ...",which sectors could drive the next market rally icici prudential amcs rajat chandak explains assets under management aum of flexi cap funds surged nearly 25 in the past 12 months to a record high of rs 534 lakh crore in,Positive,7749939.0
2026-01-06,https://www.businesstoday.in/mutual-funds/story/where-are-the-best-risk-reward-opportunities-for-the-next-12-months-anand-shah-of-icici-prudential-amc-explains-509597-2026-01-06,business today,Where are the best risk-reward opportunities for the next 12 months? Anand Shah of ICICI Prudential AMC explains,"Anand Shah, CIO - PMS & AIF Investments at ICICI Prudential AMC, shares his insights on portfolio positioning, sectors to favour or avoid, ...","... with BT, Anand Shah, CIO - PMS & AIF Investments at ICICI Prudential AMC, shares his insights on how he is positioning portfolios, ...",where are the best riskreward opportunities for the next 12 months anand shah of icici prudential amc explains anand shah cio pms aif investments at icici prudential amc shares his insights on portfolio positioning sectors to favour or avoid,Neutral,380254.0
2025-11-22,https://www.businesstoday.in/mutual-funds/story/child-funds-compared-icici-childrens-fund-tops-charts-outshines-sbi-magnum-in-consistency-long-term-returns-503294-2025-11-22,business today,"Child funds compared: ICICI leads with 14%+ 5-year CAGR, SBI trails with 12%; what should you choose","Structured children’s mutual funds have emerged as powerful tools for long-term goal planning. Among them, SBI Magnum and ICICI Prudential ...",,child funds compared icici leads with 14 5year cagr sbi trails with 12 what should you choose structured childrens mutual funds have emerged as powerful tools for longterm goal planning among them sbi magnum and icici prudential,Positive,
2025-11-19,https://www.businesstoday.in/markets/stocks/story/which-sectors-could-drive-the-next-market-rally-icici-prudential-amcs-rajat-chandak-explains-502778-2025-11-19,business today,Which sectors could drive the next market rally? ICICI Prudential AMC’s Rajat Chandak explains,The benchmark equity index Nifty50 and Nifty Midcap 150 gained 6% and 5.6% between October 2024 and October 2025.,"Rajat Chandak, Senior Fund Manager, ICICI Prudential AMC Assets under management (AUM) of flexi cap funds surged nearly 25% in the past 12 ...",which sectors could drive the next market rally icici prudential amcs rajat chandak explains the benchmark equity index nifty50 and nifty midcap 150 gained 6 and 56 between october 2024 and october 2025,Positive,14026100.0
2025-11-03,https://obnews.co/Index/flowNewsDetail/id/12624621.html,obnews,Experts Predict Long-Term Shine in Silver: ICICI Prudential AMC Explains Why It Still Holds Strong,"Despite the recent correction in silver prices, experts believe that the metal’s long-term prospects remain strong. According to ICICI ...","... Use Chintan Haria, Principal – Investment Strategy at ICICI Prudential AMC, explained that silver serves a dual purpose in the global ...",experts predict longterm shine in silver icici prudential amc explains why it still holds strong despite the recent correction in silver prices experts believe that the metals longterm prospects remain strong according to icici,Positive,2555786.0
2025-08-12,https://www.angelone.in/news/mutual-funds/3-best-performing-large-cap-mutual-funds-with-up-to-24-annualised-returns-over-5-years,angel one,3 Best Performing Large Cap Mutual Funds with Up to 24% Annualised Returns Over 5 Years,"Discover the top 3 large-cap mutual funds delivering over 20% annualised returns, with the top 2 funds delivering 24% return. These large ...",,3 best performing large cap mutual funds with up to 24 annualised returns over 5 years discover the top 3 largecap mutual funds delivering over 20 annualised returns with the top 2 funds delivering 24 return these large,Positive,5814639.0
2025-07-08,https://www.zeebiz.com/personal-finance/mutual-fund/news-icici-prudential-active-momentum-nfo-opens-minimum-investment-fund-managers-key-details-372622,zee business,"ICICI Prudential Active Momentum NFO opens: Minimum investment, fund managers, key details",The momentum fund is an open-ended equity scheme following a momentum theme and is benchmarked against the Nifty 500 TRI.,"... Naren, Executive Director and Chief Investment Officer at ICICI Prudential AMC stated that we aim to approach momentum fundamentally by ...",icici prudential active momentum nfo opens minimum investment fund managers key details the momentum fund is an openended equity scheme following a momentum theme and is benchmarked against the nifty 500 tri,Neutral,259919.0
2026-01-25,https://www.fortuneindia.com/long-reads/best-investments-2026-the-top-performing-debt-funds/129361,fortune india,Best Investments 2026: The top-performing debt funds,"By preserving capital and providing predictable returns, debt funds help investors stabilise portfolios.","... Manish Banthia, chief investment officer, fixed income at ICICI Prudential AMC. A long-duration fund invests in bonds with long ...",best investments 2026 the topperforming debt funds by preserving capital and providing predictable returns debt funds help investors stabilise portfolios,Positive,
2025-09-22,https://economictimes.indiatimes.com/news/new-updates/icici-prudential-mfs-top-investment-strategist-shares-a-bad-mantra-for-earning-good-returns-in-gold-silver-stocks-and-property/articleshow/124041299.cms,the economic times,"ICICI Prudential MF’s top investment strategist shares a ‘bad’ mantra for earning good returns in gold, silver, stocks, and property",ICICI Prudential Mutual Fund's S. Naren advises against chasing recent gold and silver rallies. He emphasizes asset allocation for better ...,... ICICI Prudential Mutual Fund's S. Naren advises against chasing recent gold and silver rallies. He emphasizes asset allocation for better ...,icici prudential mfs top investment strategist shares a bad mantra for earning good returns in gold silver stocks and property icici prudential mutual funds s naren advises against chasing recent gold and silver rallies he emphasizes asset allocation for better,Neutral,5551704.0
